text,request_type
I've been waiting for my order for over three weeks and nobody can give me a straight answer on where it is. - John Doe,Complaint
The dress arrived with a noticeable tear along the seam. I am returning it. - Robert Thomas,Return
Please send me a prepaid shipping label to return order #88139. - Sarah Martinez,Return
"To Whom It May Concern, I see an unauthorized charge from your company on my bank statement. Please refund it immediately. Regards, David Wilson",Refund
"Hey, The dress arrived with a noticeable tear along the seam. I am returning it. Thanks, Michael Brown",Return
"Hello,

Your app keeps freezing every time I try to update my profile information.

Best,
Sarah Martinez",Complaint
"Dear Support, Do you offer wholesale discounts for bulk orders of over 100 units? Best regards, David Wilson",Other
Your app keeps freezing every time I try to update my profile information. - John Doe,Complaint
"Hello,

This is the third time this month that my delivery has been delayed. Horrible service!

Regards,
Michael Brown",Complaint
I want to return the jacket I bought last week. It just doesn't fit right. - Emily Davis,Return
Your service has been down for three days this week. I expect a partial refund for this month's billing cycle. - Jane Smith,Refund
"Hi there,

Are your products safe for people with severe nut allergies?

Sincerely,
Robert Thomas",Other
"Hi customer support, I'm trying to find out when the out-of-stock winter jackets will be replenished. Best, Michael Brown",Other
"Hey,

The quality of your products has gone downhill significantly. This is unacceptable.

Best regards,
Robert Thomas",Complaint
"The item arrived damaged, so I would like to exchange it for a new one. - Jane Smith",Exchange
"To Whom It May Concern, Do you ship internationally to Australia, and if so, what are the shipping rates? Thank you, Robert Thomas",Other
I want to return the jacket I bought last week. It just doesn't fit right. - Sarah Martinez,Return
I am extremely frustrated with how long it takes to get a response from your support team. - Michael Brown,Complaint
The color of the couch is much darker than it looked online. I need to return it. - Emily Davis,Return
"Hi customer support, Do you ship internationally to Australia, and if so, what are the shipping rates? Thank you, Sarah Martinez",Other
The color of the couch is much darker than it looked online. I need to return it. - John Doe,Return
"Hello team,

Can I exchange order #53064 for a completely different item of the same value?

Best,
Emily Davis",Exchange
"To Whom It May Concern,

I want to return the jacket I bought last week. It just doesn't fit right.

Sincerely,
David Wilson",Return
I am looking for the user manual for model #24316. Can you email me a PDF copy? - David Wilson,Other
"Hi there, Please send me a prepaid shipping label to return order #96846. Regards, Linda Anderson",Return
"Hello team,

I want to return the jacket I bought last week. It just doesn't fit right.

Thanks,
Linda Anderson",Return
"Hello,

I need to exchange this sweater for a larger size. What is the process?

Thank you,
Robert Thomas",Exchange
"Hey,

Your app keeps freezing every time I try to update my profile information.

Looking forward to your reply,
Linda Anderson",Complaint
"Hi there,

I see an unauthorized charge from your company on my bank statement. Please refund it immediately.

Best,
James Taylor",Refund
"To Whom It May Concern,

The dress arrived with a noticeable tear along the seam. I am returning it.

Thank you,
Linda Anderson",Return
"Hello, Can you please help me change the email address associated with my account? Thanks, John Doe",Other
"Hey,

I'd like to exchange the blue sneakers for the exact same pair in black if possible.

Looking forward to your reply,
Linda Anderson",Exchange
I want to return the jacket I bought last week. It just doesn't fit right. - Sarah Martinez,Return
Can I update the shipping address for my order #98276 before it leaves your warehouse? - David Wilson,Other
"Hey,

Your service has been down for three days this week. I expect a partial refund for this month's billing cycle.

Sincerely,
Michael Brown",Refund
Is it possible to exchange an online order at a local retail store? - Linda Anderson,Exchange
"Hello,

The phone case I received is for the wrong model. I need to exchange it for the iPhone 15 Pro version.

Best,
Robert Thomas",Exchange
"Hi there, I accidentally bought the wrong subscription plan. Can you please refund the difference or cancel and refund completely? Best regards, Sarah Martinez",Refund
"The item arrived damaged, so I would like to exchange it for a new one. - Jane Smith",Exchange
"Hey,

The headphones I ordered are defective (left side has no sound). I want to exchange them for a working pair.

Thanks,
Sarah Martinez",Exchange
"To Whom It May Concern, I received a duplicate order by mistake. I want to return the extra one. Best regards, Jane Smith",Return
"Hello team, I'd like to exchange the blue sneakers for the exact same pair in black if possible. Thank you, Linda Anderson",Exchange
"Dear Support, The dress arrived with a noticeable tear along the seam. I am returning it. Best regards, James Taylor",Return
"Hey,

The quality of your products has gone downhill significantly. This is unacceptable.

Regards,
Barbara Jackson",Complaint
"Hi there,

I just wanted to say thank you for the amazing service! My daughter loved her gift.

Thanks,
Jane Smith",Other
"To Whom It May Concern,

I see an unauthorized charge from your company on my bank statement. Please refund it immediately.

Thanks,
Linda Anderson",Refund
"Hey, Your app keeps freezing every time I try to update my profile information. Sincerely, Jane Smith",Complaint
"To Whom It May Concern,

The headphones I ordered are defective (left side has no sound). I want to exchange them for a working pair.

Thanks,
Sarah Martinez",Exchange
Are your products safe for people with severe nut allergies? - Robert Thomas,Other
I'm trying to find out when the out-of-stock winter jackets will be replenished. - Emily Davis,Other
I'd like to exchange the blue sneakers for the exact same pair in black if possible. - Sarah Martinez,Exchange
"My order #30866 never arrived, and tracking says it was lost by the courier. I want my money back. - Emily Davis",Refund
The dress arrived with a noticeable tear along the seam. I am returning it. - Michael Brown,Return
"To Whom It May Concern,

My order #42098 never arrived, and tracking says it was lost by the courier. I want my money back.

Best regards,
John Doe",Refund
Can I update the shipping address for my order #18163 before it leaves your warehouse? - Barbara Jackson,Other
"To Whom It May Concern, Can you please help me change the email address associated with my account? Looking forward to your reply, Emily Davis",Other
"Hello, Can you please help me change the email address associated with my account? Thanks, Linda Anderson",Other
I received a duplicate order by mistake. I want to return the extra one. - John Doe,Return
"To Whom It May Concern,

I accidentally bought the wrong subscription plan. Can you please refund the difference or cancel and refund completely?

Regards,
Emily Davis",Refund
"Hello, I am extremely frustrated with how long it takes to get a response from your support team. Sincerely, Sarah Martinez",Complaint
"Hey,

Your website kept crashing during checkout, and now I see multiple pending charges on my card.

Regards,
Linda Anderson",Complaint
"To Whom It May Concern,

I am looking for the user manual for model #99224. Can you email me a PDF copy?

Best,
James Taylor",Other
"Hi customer support, Your app keeps freezing every time I try to update my profile information. Best, Michael Brown",Complaint
"Hello team,

The headphones I ordered are defective (left side has no sound). I want to exchange them for a working pair.

Thanks,
Emily Davis",Exchange
The item I received was completely broken. I would like a full refund instead of a replacement. - Robert Thomas,Refund
"Dear Support, I received a duplicate order by mistake. I want to return the extra one. Best, Robert Thomas",Return
"Dear Support,

The quality of your products has gone downhill significantly. This is unacceptable.

Best regards,
Sarah Martinez",Complaint
"Dear Support,

I would like to delete my account and have all my personal data removed under GDPR.

Sincerely,
John Doe",Other
"Hi customer support,

I've been waiting for my order for over three weeks and nobody can give me a straight answer on where it is.

Thanks,
David Wilson",Complaint
I am extremely frustrated with how long it takes to get a response from your support team. - Sarah Martinez,Complaint
"Dear Support,

I received the wrong variant of the coffee maker. I need to exchange it for the one I actually ordered.

Regards,
Sarah Martinez",Exchange
"Hello team,

Your app keeps freezing every time I try to update my profile information.

Thanks,
Barbara Jackson",Complaint
I've been waiting for my order for over three weeks and nobody can give me a straight answer on where it is. - John Doe,Complaint
"Dear Support, The product did not match the description on your website at all. I want a refund. Regards, Barbara Jackson",Refund
"Hey,

I'd like to exchange the blue sneakers for the exact same pair in black if possible.

Thanks,
Sarah Martinez",Exchange
"Hey,

The item I received was completely broken. I would like a full refund instead of a replacement.

Best regards,
Jane Smith",Refund
Please send me a prepaid shipping label to return order #33788. - Linda Anderson,Return
"Hey,

I am not satisfied with the quality of this software. I'm within the 30-day window, so please process my refund.

Looking forward to your reply,
David Wilson",Refund
I just wanted to say thank you for the amazing service! My daughter loved her gift. - Robert Thomas,Other
Are your products safe for people with severe nut allergies? - Linda Anderson,Other
"Hey, Your customer service representative was extremely rude to me on the phone today. Best, Robert Thomas",Complaint
"Hello, Can I return an item at one of your physical store locations instead of mailing it back? Best regards, David Wilson",Return
"Hi customer support,

I want to return the jacket I bought last week. It just doesn't fit right.

Best,
James Taylor",Return
"Hello, The item I received was completely broken. I would like a full refund instead of a replacement. Thanks, John Doe",Refund
"The packaging was completely torn open when it arrived, and some components are missing. - Robert Thomas",Complaint
The delivery driver just threw the package onto my driveway in the rain. The contents are ruined. - Linda Anderson,Complaint
"Hi customer support,

I've been waiting for my order for over three weeks and nobody can give me a straight answer on where it is.

Looking forward to your reply,
Sarah Martinez",Complaint
I received a duplicate order by mistake. I want to return the extra one. - James Taylor,Return
"Hello,

I need to exchange this sweater for a larger size. What is the process?

Thanks,
Barbara Jackson",Exchange
"Dear Support, The item I received was completely broken. I would like a full refund instead of a replacement. Thank you, Sarah Martinez",Refund
"Dear Support, I am not satisfied with the quality of this software. I'm within the 30-day window, so please process my refund. Sincerely, Sarah Martinez",Refund
"Hi there, Please send me a prepaid shipping label to return order #62757. Best regards, Linda Anderson",Return
"Your website kept crashing during checkout, and now I see multiple pending charges on my card. - Linda Anderson",Complaint
This is the third time this month that my delivery has been delayed. Horrible service! - Jane Smith,Complaint
"Dear Support, The product did not match the description on your website at all. I want a refund. Best regards, David Wilson",Refund
"Hello team,

I was charged twice for my subscription this month. Please check transaction ID #91183.

Best,
Barbara Jackson",Refund
"To Whom It May Concern,

I want to exchange this blender for the upgraded model and I'll pay the difference.

Regards,
Michael Brown",Exchange
"Hi customer support, The color of the couch is much darker than it looked online. I need to return it. Best, David Wilson",Return
"Hi there,

The packaging was completely torn open when it arrived, and some components are missing.

Thank you,
Linda Anderson",Complaint
"I received order #51704 today, but the shoes are too small. How do I start a return? - James Taylor",Return
"Hello team, I would like to delete my account and have all my personal data removed under GDPR. Thank you, Emily Davis",Other
"Hello team, The item I received was completely broken. I would like a full refund instead of a replacement. Best, Emily Davis",Refund
"Hello team,

I was charged twice for my subscription this month. Please check transaction ID #96673.

Regards,
Jane Smith",Refund
"Hello team, The color of the couch is much darker than it looked online. I need to return it. Best, Jane Smith",Return
"Hey,

I need to exchange this sweater for a larger size. What is the process?

Best,
John Doe",Exchange
"Hi there, The phone case I received is for the wrong model. I need to exchange it for the iPhone 15 Pro version. Regards, Jane Smith",Exchange
"Hi there, Can you please help me change the email address associated with my account? Thank you, Barbara Jackson",Other
"Dear Support, I received the shirt but it's a bit too tight. Can I exchange it for a size Medium? Thank you, John Doe",Exchange
"Hello team, Can I exchange order #24184 for a completely different item of the same value? Regards, Linda Anderson",Exchange
"Do you ship internationally to Australia, and if so, what are the shipping rates? - Linda Anderson",Other
"Hi customer support, Can I return an item at one of your physical store locations instead of mailing it back? Looking forward to your reply, John Doe",Return
"Hello team,

I received a duplicate order by mistake. I want to return the extra one.

Best regards,
David Wilson",Return
I accidentally bought the wrong subscription plan. Can you please refund the difference or cancel and refund completely? - John Doe,Refund
"Dear Support,

Do you offer wholesale discounts for bulk orders of over 100 units?

Regards,
Linda Anderson",Other
"Hi there,

The item arrived damaged, so I would like to exchange it for a new one.

Regards,
Jane Smith",Exchange
"Hi there, The event was cancelled, and I haven't received my ticket refund yet. Order reference is #78522. Regards, Barbara Jackson",Refund
"Dear Support, I received the shirt but it's a bit too tight. Can I exchange it for a size Medium? Thank you, David Wilson",Exchange
I am extremely frustrated with how long it takes to get a response from your support team. - James Taylor,Complaint
The product did not match the description on your website at all. I want a refund. - Emily Davis,Refund
"Hello,

Your app keeps freezing every time I try to update my profile information.

Thank you,
Robert Thomas",Complaint
Is it possible to get a tax invoice for my recent purchase? I need it for company expenses. - Barbara Jackson,Other
I was charged twice for my subscription this month. Please check transaction ID #78146. - James Taylor,Refund
"To Whom It May Concern, I'm trying to find out when the out-of-stock winter jackets will be replenished. Best, Emily Davis",Other
I need to exchange this sweater for a larger size. What is the process? - James Taylor,Exchange
The color of the couch is much darker than it looked online. I need to return it. - Sarah Martinez,Return
"Dear Support,

I received the wrong variant of the coffee maker. I need to exchange it for the one I actually ordered.

Thanks,
Jane Smith",Exchange
"The event was cancelled, and I haven't received my ticket refund yet. Order reference is #95717. - David Wilson",Refund
"Hi customer support,

I cancelled my order #87992 before it shipped, but the money hasn't been refunded to my account yet.

Looking forward to your reply,
Michael Brown",Refund
"Hi customer support,

My order #96951 never arrived, and tracking says it was lost by the courier. I want my money back.

Regards,
Robert Thomas",Refund
I see an unauthorized charge from your company on my bank statement. Please refund it immediately. - Jane Smith,Refund
"Hi customer support,

I'd like to exchange the blue sneakers for the exact same pair in black if possible.

Sincerely,
John Doe",Exchange
"Hi customer support,

Can I return an item at one of your physical store locations instead of mailing it back?

Thank you,
Sarah Martinez",Return
I received the shirt but it's a bit too tight. Can I exchange it for a size Medium? - David Wilson,Exchange
The phone case I received is for the wrong model. I need to exchange it for the iPhone 15 Pro version. - David Wilson,Exchange
I need to know your return policy for items purchased during the holiday sale. - Robert Thomas,Return
"Hey, I am not satisfied with the quality of this software. I'm within the 30-day window, so please process my refund. Thanks, Jane Smith",Refund
I received the shirt but it's a bit too tight. Can I exchange it for a size Medium? - James Taylor,Exchange
"To Whom It May Concern,

I accidentally bought the wrong subscription plan. Can you please refund the difference or cancel and refund completely?

Thanks,
Barbara Jackson",Refund
"Hey, I received the wrong variant of the coffee maker. I need to exchange it for the one I actually ordered. Regards, John Doe",Exchange
"Hello team, Your customer service representative was extremely rude to me on the phone today. Sincerely, Jane Smith",Complaint
I am looking for the user manual for model #44664. Can you email me a PDF copy? - James Taylor,Other
"Hey, The delivery driver just threw the package onto my driveway in the rain. The contents are ruined. Regards, Sarah Martinez",Complaint
I received the shirt but it's a bit too tight. Can I exchange it for a size Medium? - James Taylor,Exchange
"The event was cancelled, and I haven't received my ticket refund yet. Order reference is #57400. - David Wilson",Refund
"Hi customer support, Can I return an item at one of your physical store locations instead of mailing it back? Sincerely, David Wilson",Return
"Hello, The headphones I ordered are defective (left side has no sound). I want to exchange them for a working pair. Best, David Wilson",Exchange
Is it possible to get a tax invoice for my recent purchase? I need it for company expenses. - Jane Smith,Other
"Hello,

The quality of your products has gone downhill significantly. This is unacceptable.

Thanks,
David Wilson",Complaint
"Hi there, I received order #23970 today, but the shoes are too small. How do I start a return? Sincerely, Michael Brown",Return
"Hi there,

Please send me a prepaid shipping label to return order #40217.

Thanks,
David Wilson",Return
I received a duplicate order by mistake. I want to return the extra one. - Michael Brown,Return
"Hi customer support,

I received a duplicate order by mistake. I want to return the extra one.

Looking forward to your reply,
Barbara Jackson",Return
"Dear Support, The product did not match the description on your website at all. I want a refund. Sincerely, Linda Anderson",Refund
"Hi there, I want to return the jacket I bought last week. It just doesn't fit right. Thanks, Sarah Martinez",Return
"Hello,

I would like to delete my account and have all my personal data removed under GDPR.

Looking forward to your reply,
Linda Anderson",Other
"Hey,

This is the third time this month that my delivery has been delayed. Horrible service!

Best,
Michael Brown",Complaint
"Hey,

I received the wrong variant of the coffee maker. I need to exchange it for the one I actually ordered.

Looking forward to your reply,
Emily Davis",Exchange
"Hello team,

Your service has been down for three days this week. I expect a partial refund for this month's billing cycle.

Regards,
David Wilson",Refund
"Hi customer support,

I'd like to exchange the blue sneakers for the exact same pair in black if possible.

Looking forward to your reply,
Jane Smith",Exchange
Are your products safe for people with severe nut allergies? - Emily Davis,Other
"Hi there, Can I return an item at one of your physical store locations instead of mailing it back? Regards, Jane Smith",Return
Is it possible to get a tax invoice for my recent purchase? I need it for company expenses. - Emily Davis,Other
"To Whom It May Concern,

Is it possible to get a tax invoice for my recent purchase? I need it for company expenses.

Regards,
David Wilson",Other
"Hello,

I'd like to exchange the blue sneakers for the exact same pair in black if possible.

Thanks,
Michael Brown",Exchange
"Hi there,

I want to exchange this blender for the upgraded model and I'll pay the difference.

Best regards,
Michael Brown",Exchange
"Dear Support,

The event was cancelled, and I haven't received my ticket refund yet. Order reference is #81066.

Sincerely,
John Doe",Refund
Your app keeps freezing every time I try to update my profile information. - John Doe,Complaint
"Dear Support, I've been waiting for my order for over three weeks and nobody can give me a straight answer on where it is. Sincerely, Linda Anderson",Complaint
"Hi there,

I've been waiting for my order for over three weeks and nobody can give me a straight answer on where it is.

Thanks,
Linda Anderson",Complaint
"Dear Support, I'm trying to find out when the out-of-stock winter jackets will be replenished. Thank you, Michael Brown",Other
"Hello, The phone case I received is for the wrong model. I need to exchange it for the iPhone 15 Pro version. Regards, Barbara Jackson",Exchange
"Hi customer support, The phone case I received is for the wrong model. I need to exchange it for the iPhone 15 Pro version. Thank you, Jane Smith",Exchange
"Do you ship internationally to Australia, and if so, what are the shipping rates? - Jane Smith",Other
"Hello team,

The dress arrived with a noticeable tear along the seam. I am returning it.

Regards,
James Taylor",Return
"Hello team,

I see an unauthorized charge from your company on my bank statement. Please refund it immediately.

Thanks,
Michael Brown",Refund
The item I received was completely broken. I would like a full refund instead of a replacement. - James Taylor,Refund
"Hello, Do you ship internationally to Australia, and if so, what are the shipping rates? Sincerely, Michael Brown",Other
The delivery driver just threw the package onto my driveway in the rain. The contents are ruined. - James Taylor,Complaint
"Hi there, I am not satisfied with the quality of this software. I'm within the 30-day window, so please process my refund. Thank you, Linda Anderson",Refund
The delivery driver just threw the package onto my driveway in the rain. The contents are ruined. - Jane Smith,Complaint
"To Whom It May Concern, I received the shirt but it's a bit too tight. Can I exchange it for a size Medium? Regards, Barbara Jackson",Exchange
"Hello, I ordered a large but you sent me a small. I need to return this item. Thanks, Linda Anderson",Return
"Dear Support,

Are your products safe for people with severe nut allergies?

Thanks,
Barbara Jackson",Other
"To Whom It May Concern,

I'm trying to find out when the out-of-stock winter jackets will be replenished.

Best,
James Taylor",Other
"To Whom It May Concern,

I just wanted to say thank you for the amazing service! My daughter loved her gift.

Best,
Linda Anderson",Other
"Hey, The headphones I ordered are defective (left side has no sound). I want to exchange them for a working pair. Looking forward to your reply, Jane Smith",Exchange
"Hey,

My order #39831 never arrived, and tracking says it was lost by the courier. I want my money back.

Thank you,
Sarah Martinez",Refund
"The item arrived damaged, so I would like to exchange it for a new one. - Jane Smith",Exchange
"Dear Support,

I just wanted to say thank you for the amazing service! My daughter loved her gift.

Looking forward to your reply,
Linda Anderson",Other
"Hi customer support,

Your service has been down for three days this week. I expect a partial refund for this month's billing cycle.

Thank you,
John Doe",Refund
"Hi there, I received a duplicate order by mistake. I want to return the extra one. Thanks, Sarah Martinez",Return
"My order #65444 never arrived, and tracking says it was lost by the courier. I want my money back. - Linda Anderson",Refund
"Hello, The quality of your products has gone downhill significantly. This is unacceptable. Best, Barbara Jackson",Complaint
"Dear Support,

The color of the couch is much darker than it looked online. I need to return it.

Best regards,
Robert Thomas",Return
"Hi customer support, The product did not match the description on your website at all. I want a refund. Regards, Emily Davis",Refund
"Hi there, The headphones I ordered are defective (left side has no sound). I want to exchange them for a working pair. Sincerely, Emily Davis",Exchange
"Hi there,

The headphones I ordered are defective (left side has no sound). I want to exchange them for a working pair.

Best,
Michael Brown",Exchange
"Hello, I need to exchange this sweater for a larger size. What is the process? Thanks, James Taylor",Exchange
"Hello team,

This is the third time this month that my delivery has been delayed. Horrible service!

Regards,
Jane Smith",Complaint
"Dear Support,

I ordered a large but you sent me a small. I need to return this item.

Thanks,
Sarah Martinez",Return
"Hi customer support, Can I exchange order #21846 for a completely different item of the same value? Sincerely, David Wilson",Exchange
"Hi there, I ordered a large but you sent me a small. I need to return this item. Thank you, Sarah Martinez",Return
"Hi there,

I accidentally bought the wrong subscription plan. Can you please refund the difference or cancel and refund completely?

Regards,
Robert Thomas",Refund
"Hey,

I want to exchange this blender for the upgraded model and I'll pay the difference.

Thank you,
Barbara Jackson",Exchange
"Hey, I want to return the jacket I bought last week. It just doesn't fit right. Thank you, Jane Smith",Return
"Dear Support,

My order #15014 never arrived, and tracking says it was lost by the courier. I want my money back.

Sincerely,
Barbara Jackson",Refund
"Hi there, I bought this as a gift but the person already has one. Can I return it for store credit or original payment? Regards, Barbara Jackson",Return
I see an unauthorized charge from your company on my bank statement. Please refund it immediately. - Jane Smith,Refund
"Hello team, I would like to delete my account and have all my personal data removed under GDPR. Looking forward to your reply, Emily Davis",Other
Is it possible to get a tax invoice for my recent purchase? I need it for company expenses. - James Taylor,Other
"To Whom It May Concern, Your website kept crashing during checkout, and now I see multiple pending charges on my card. Sincerely, John Doe",Complaint
"Hi customer support,

This is the third time this month that my delivery has been delayed. Horrible service!

Sincerely,
James Taylor",Complaint
I am extremely frustrated with how long it takes to get a response from your support team. - Jane Smith,Complaint
"Hello, Your website kept crashing during checkout, and now I see multiple pending charges on my card. Regards, Sarah Martinez",Complaint
"Hello,

Can I return an item at one of your physical store locations instead of mailing it back?

Looking forward to your reply,
Robert Thomas",Return
"To Whom It May Concern, I would like to delete my account and have all my personal data removed under GDPR. Best, John Doe",Other
"Hi there, Are your products safe for people with severe nut allergies? Best, John Doe",Other
"To Whom It May Concern, Your website kept crashing during checkout, and now I see multiple pending charges on my card. Best, Barbara Jackson",Complaint
"Hello, My order #27361 never arrived, and tracking says it was lost by the courier. I want my money back. Sincerely, Robert Thomas",Refund
"Hi customer support, My order #30676 never arrived, and tracking says it was lost by the courier. I want my money back. Sincerely, Sarah Martinez",Refund
"Dear Support,

I see an unauthorized charge from your company on my bank statement. Please refund it immediately.

Thank you,
David Wilson",Refund
"I am not satisfied with the quality of this software. I'm within the 30-day window, so please process my refund. - Michael Brown",Refund
"The item arrived damaged, so I would like to exchange it for a new one. - Jane Smith",Exchange
"Dear Support,

Is it possible to get a tax invoice for my recent purchase? I need it for company expenses.

Looking forward to your reply,
Barbara Jackson",Other
The quality of your products has gone downhill significantly. This is unacceptable. - Sarah Martinez,Complaint
"Hello team,

The dress arrived with a noticeable tear along the seam. I am returning it.

Regards,
Linda Anderson",Return
"Dear Support,

Is it possible to get a tax invoice for my recent purchase? I need it for company expenses.

Looking forward to your reply,
David Wilson",Other
"Hello, Do you ship internationally to Australia, and if so, what are the shipping rates? Best, Michael Brown",Other
"Hello,

Is it possible to exchange an online order at a local retail store?

Regards,
Jane Smith",Exchange
I would like to delete my account and have all my personal data removed under GDPR. - David Wilson,Other
Is it possible to exchange an online order at a local retail store? - Emily Davis,Exchange
"Hey, I want to exchange this blender for the upgraded model and I'll pay the difference. Thanks, Jane Smith",Exchange
"Hi there,

Can I exchange order #80457 for a completely different item of the same value?

Best regards,
Jane Smith",Exchange
I just wanted to say thank you for the amazing service! My daughter loved her gift. - Robert Thomas,Other
"Dear Support,

I am not satisfied with the quality of this software. I'm within the 30-day window, so please process my refund.

Thanks,
Barbara Jackson",Refund
"My order #62296 never arrived, and tracking says it was lost by the courier. I want my money back. - Emily Davis",Refund
The phone case I received is for the wrong model. I need to exchange it for the iPhone 15 Pro version. - Jane Smith,Exchange
"I cancelled my order #47196 before it shipped, but the money hasn't been refunded to my account yet. - Michael Brown",Refund
"Hey, I received order #32962 today, but the shoes are too small. How do I start a return? Thanks, Barbara Jackson",Return
"Hello, I need to exchange this sweater for a larger size. What is the process? Thank you, James Taylor",Exchange
"Hey, Do you ship internationally to Australia, and if so, what are the shipping rates? Regards, James Taylor",Other
"Hello team, I'm trying to find out when the out-of-stock winter jackets will be replenished. Best, James Taylor",Other
"Hi customer support,

The event was cancelled, and I haven't received my ticket refund yet. Order reference is #23104.

Thank you,
Barbara Jackson",Refund
Is it possible to exchange an online order at a local retail store? - Barbara Jackson,Exchange
"Hi customer support, The packaging was completely torn open when it arrived, and some components are missing. Thank you, John Doe",Complaint
"Hello,

Are your products safe for people with severe nut allergies?

Looking forward to your reply,
Sarah Martinez",Other
"Hello team,

The dress arrived with a noticeable tear along the seam. I am returning it.

Thanks,
Linda Anderson",Return
"Hi customer support,

This is the third time this month that my delivery has been delayed. Horrible service!

Looking forward to your reply,
Linda Anderson",Complaint
"Hi there, Your customer service representative was extremely rude to me on the phone today. Looking forward to your reply, Linda Anderson",Complaint
"To Whom It May Concern,

I am not satisfied with the quality of this software. I'm within the 30-day window, so please process my refund.

Thanks,
Emily Davis",Refund
"To Whom It May Concern, Can I return an item at one of your physical store locations instead of mailing it back? Best, Robert Thomas",Return
"Hey,

Do you ship internationally to Australia, and if so, what are the shipping rates?

Best,
Michael Brown",Other
"Hello,

I would like to delete my account and have all my personal data removed under GDPR.

Thank you,
Linda Anderson",Other
I would like to delete my account and have all my personal data removed under GDPR. - Sarah Martinez,Other
"Dear Support, Do you ship internationally to Australia, and if so, what are the shipping rates? Looking forward to your reply, James Taylor",Other
"Hi there,

The dress arrived with a noticeable tear along the seam. I am returning it.

Regards,
Barbara Jackson",Return
This is the third time this month that my delivery has been delayed. Horrible service! - Barbara Jackson,Complaint
"Hey,

Your website kept crashing during checkout, and now I see multiple pending charges on my card.

Thanks,
Robert Thomas",Complaint
"To Whom It May Concern,

I am not satisfied with the quality of this software. I'm within the 30-day window, so please process my refund.

Thanks,
Jane Smith",Refund
"I cancelled my order #89840 before it shipped, but the money hasn't been refunded to my account yet. - David Wilson",Refund
"Hello,

The packaging was completely torn open when it arrived, and some components are missing.

Sincerely,
Michael Brown",Complaint
The headphones I ordered are defective (left side has no sound). I want to exchange them for a working pair. - James Taylor,Exchange
"To Whom It May Concern,

Can you please help me change the email address associated with my account?

Best,
Barbara Jackson",Other
"Hi customer support, I need to exchange this sweater for a larger size. What is the process? Thank you, Sarah Martinez",Exchange
"Dear Support,

This is the third time this month that my delivery has been delayed. Horrible service!

Sincerely,
David Wilson",Complaint
I just wanted to say thank you for the amazing service! My daughter loved her gift. - Emily Davis,Other
"Hi there, I cancelled my order #17944 before it shipped, but the money hasn't been refunded to my account yet. Thank you, John Doe",Refund
"Hello team,

I cancelled my order #82512 before it shipped, but the money hasn't been refunded to my account yet.

Thanks,
Jane Smith",Refund
"To Whom It May Concern,

Your service has been down for three days this week. I expect a partial refund for this month's billing cycle.

Looking forward to your reply,
Robert Thomas",Refund
"Hi customer support, This is the third time this month that my delivery has been delayed. Horrible service! Regards, Sarah Martinez",Complaint
The quality of your products has gone downhill significantly. This is unacceptable. - James Taylor,Complaint
"Hello team, I want to exchange this blender for the upgraded model and I'll pay the difference. Looking forward to your reply, Emily Davis",Exchange
Can I update the shipping address for my order #41797 before it leaves your warehouse? - Jane Smith,Other
"Hi there,

I cancelled my order #38657 before it shipped, but the money hasn't been refunded to my account yet.

Best regards,
John Doe",Refund
"Hello, The product did not match the description on your website at all. I want a refund. Thank you, Michael Brown",Refund
"Hello team, I am extremely frustrated with how long it takes to get a response from your support team. Thanks, Emily Davis",Complaint
"Hey, I just wanted to say thank you for the amazing service! My daughter loved her gift. Looking forward to your reply, Barbara Jackson",Other
"Hi there, Can I return an item at one of your physical store locations instead of mailing it back? Thank you, David Wilson",Return
"Hi customer support, The packaging was completely torn open when it arrived, and some components are missing. Thanks, Robert Thomas",Complaint
"To Whom It May Concern, Do you offer wholesale discounts for bulk orders of over 100 units? Sincerely, John Doe",Other
The delivery driver just threw the package onto my driveway in the rain. The contents are ruined. - Jane Smith,Complaint
"Hi customer support,

Is it possible to get a tax invoice for my recent purchase? I need it for company expenses.

Regards,
Emily Davis",Other
"To Whom It May Concern, Can I return an item at one of your physical store locations instead of mailing it back? Best, David Wilson",Return
"Hi customer support,

I am extremely frustrated with how long it takes to get a response from your support team.

Thanks,
Robert Thomas",Complaint
I accidentally bought the wrong subscription plan. Can you please refund the difference or cancel and refund completely? - Jane Smith,Refund
"Hey,

The color of the couch is much darker than it looked online. I need to return it.

Best regards,
Barbara Jackson",Return
Can I update the shipping address for my order #27294 before it leaves your warehouse? - John Doe,Other
"Hello team, The product did not match the description on your website at all. I want a refund. Best regards, Jane Smith",Refund
"Hi there, I am extremely frustrated with how long it takes to get a response from your support team. Regards, Linda Anderson",Complaint
"Hello team, The event was cancelled, and I haven't received my ticket refund yet. Order reference is #95813. Thank you, Barbara Jackson",Refund
I'd like to exchange the blue sneakers for the exact same pair in black if possible. - Michael Brown,Exchange
"Dear Support, Please send me a prepaid shipping label to return order #10336. Looking forward to your reply, Robert Thomas",Return
"Hi there,

I'm trying to find out when the out-of-stock winter jackets will be replenished.

Best regards,
David Wilson",Other
"Hey,

The dress arrived with a noticeable tear along the seam. I am returning it.

Best regards,
Robert Thomas",Return
"To Whom It May Concern,

I bought this as a gift but the person already has one. Can I return it for store credit or original payment?

Best,
Barbara Jackson",Return
Can you please help me change the email address associated with my account? - John Doe,Other
"Hey,

I'd like to exchange the blue sneakers for the exact same pair in black if possible.

Regards,
Sarah Martinez",Exchange
"Hey, The dress arrived with a noticeable tear along the seam. I am returning it. Best regards, David Wilson",Return
"Dear Support, I am not satisfied with the quality of this software. I'm within the 30-day window, so please process my refund. Regards, Robert Thomas",Refund
The dress arrived with a noticeable tear along the seam. I am returning it. - David Wilson,Return
"Hello team,

The quality of your products has gone downhill significantly. This is unacceptable.

Sincerely,
Barbara Jackson",Complaint
Can I return an item at one of your physical store locations instead of mailing it back? - Barbara Jackson,Return
"To Whom It May Concern, Your app keeps freezing every time I try to update my profile information. Thank you, Michael Brown",Complaint
"Hi there, Is it possible to get a tax invoice for my recent purchase? I need it for company expenses. Sincerely, Linda Anderson",Other
I need to exchange this sweater for a larger size. What is the process? - Jane Smith,Exchange
I'm trying to find out when the out-of-stock winter jackets will be replenished. - James Taylor,Other
I see an unauthorized charge from your company on my bank statement. Please refund it immediately. - David Wilson,Refund
"Hi there, I want to return the jacket I bought last week. It just doesn't fit right. Regards, Linda Anderson",Return
"The item arrived damaged, so I would like to exchange it for a new one. - David Wilson",Exchange
"Hey,

The quality of your products has gone downhill significantly. This is unacceptable.

Best regards,
Linda Anderson",Complaint
"Hello, Can you please help me change the email address associated with my account? Sincerely, Emily Davis",Other
"Hey,

Can I return an item at one of your physical store locations instead of mailing it back?

Sincerely,
Emily Davis",Return
"Hello,

I was promised a discount code by an agent, but the code you sent doesn't work.

Best,
Robert Thomas",Complaint
I received the wrong variant of the coffee maker. I need to exchange it for the one I actually ordered. - Michael Brown,Exchange
The color of the couch is much darker than it looked online. I need to return it. - John Doe,Return
"Hey, This is the third time this month that my delivery has been delayed. Horrible service! Sincerely, Robert Thomas",Complaint
"Hello,

I am looking for the user manual for model #39188. Can you email me a PDF copy?

Thank you,
Robert Thomas",Other
"Hey,

Your app keeps freezing every time I try to update my profile information.

Sincerely,
David Wilson",Complaint
I accidentally bought the wrong subscription plan. Can you please refund the difference or cancel and refund completely? - David Wilson,Refund
"Hey,

Your customer service representative was extremely rude to me on the phone today.

Best,
Linda Anderson",Complaint
"To Whom It May Concern,

I am not satisfied with the quality of this software. I'm within the 30-day window, so please process my refund.

Regards,
John Doe",Refund
I am extremely frustrated with how long it takes to get a response from your support team. - Sarah Martinez,Complaint
"Hi customer support, I see an unauthorized charge from your company on my bank statement. Please refund it immediately. Regards, Michael Brown",Refund
"Hello,

Your app keeps freezing every time I try to update my profile information.

Best regards,
David Wilson",Complaint
"Hello, I received a duplicate order by mistake. I want to return the extra one. Looking forward to your reply, Robert Thomas",Return
Can you please help me change the email address associated with my account? - Linda Anderson,Other
"Hello, I bought this as a gift but the person already has one. Can I return it for store credit or original payment? Best, Barbara Jackson",Return
"Your website kept crashing during checkout, and now I see multiple pending charges on my card. - David Wilson",Complaint
The delivery driver just threw the package onto my driveway in the rain. The contents are ruined. - David Wilson,Complaint
I would like to delete my account and have all my personal data removed under GDPR. - Michael Brown,Other
"Hi there,

Can I exchange order #77154 for a completely different item of the same value?

Thank you,
David Wilson",Exchange
"Dear Support,

I ordered a large but you sent me a small. I need to return this item.

Best,
John Doe",Return
"Do you ship internationally to Australia, and if so, what are the shipping rates? - Robert Thomas",Other
"Hey,

I'm trying to find out when the out-of-stock winter jackets will be replenished.

Best regards,
John Doe",Other
"Hi there,

Please send me a prepaid shipping label to return order #52245.

Thank you,
Barbara Jackson",Return
"Hey,

The delivery driver just threw the package onto my driveway in the rain. The contents are ruined.

Regards,
Emily Davis",Complaint
"Hello, I'd like to exchange the blue sneakers for the exact same pair in black if possible. Thank you, Robert Thomas",Exchange
I ordered a large but you sent me a small. I need to return this item. - David Wilson,Return
"Hello,

Do you offer wholesale discounts for bulk orders of over 100 units?

Regards,
Sarah Martinez",Other
"Dear Support,

I see an unauthorized charge from your company on my bank statement. Please refund it immediately.

Sincerely,
Michael Brown",Refund
"Hey, I received the shirt but it's a bit too tight. Can I exchange it for a size Medium? Regards, David Wilson",Exchange
"Hi customer support,

I was charged twice for my subscription this month. Please check transaction ID #22224.

Regards,
Robert Thomas",Refund
"Dear Support,

The delivery driver just threw the package onto my driveway in the rain. The contents are ruined.

Thank you,
Sarah Martinez",Complaint
"Hello,

Please send me a prepaid shipping label to return order #28643.

Sincerely,
Michael Brown",Return
"Hey, Your website kept crashing during checkout, and now I see multiple pending charges on my card. Thank you, Jane Smith",Complaint
"Hi customer support, I received the shirt but it's a bit too tight. Can I exchange it for a size Medium? Thanks, Linda Anderson",Exchange
I would like to delete my account and have all my personal data removed under GDPR. - Robert Thomas,Other
"Hello, I am not satisfied with the quality of this software. I'm within the 30-day window, so please process my refund. Best, Linda Anderson",Refund
"Hello, The event was cancelled, and I haven't received my ticket refund yet. Order reference is #34914. Best regards, James Taylor",Refund
"Hello team, I would like to delete my account and have all my personal data removed under GDPR. Thank you, Barbara Jackson",Other
"Hi there, I would like to delete my account and have all my personal data removed under GDPR. Regards, Emily Davis",Other
"Hi customer support,

I see an unauthorized charge from your company on my bank statement. Please refund it immediately.

Looking forward to your reply,
David Wilson",Refund
Can I exchange order #18992 for a completely different item of the same value? - Barbara Jackson,Exchange
"Hey, Your website kept crashing during checkout, and now I see multiple pending charges on my card. Best, James Taylor",Complaint
"To Whom It May Concern, Can I return an item at one of your physical store locations instead of mailing it back? Thanks, Barbara Jackson",Return
"Hey, Do you offer wholesale discounts for bulk orders of over 100 units? Sincerely, Barbara Jackson",Other
"Hi there, Your app keeps freezing every time I try to update my profile information. Thank you, Linda Anderson",Complaint
"Hi there,

Your service has been down for three days this week. I expect a partial refund for this month's billing cycle.

Sincerely,
Jane Smith",Refund
"Hey, I am not satisfied with the quality of this software. I'm within the 30-day window, so please process my refund. Looking forward to your reply, John Doe",Refund
I'm trying to find out when the out-of-stock winter jackets will be replenished. - David Wilson,Other
"Dear Support, The quality of your products has gone downhill significantly. This is unacceptable. Looking forward to your reply, Linda Anderson",Complaint
I see an unauthorized charge from your company on my bank statement. Please refund it immediately. - Emily Davis,Refund
"Do you ship internationally to Australia, and if so, what are the shipping rates? - David Wilson",Other
"Hey,

I bought this as a gift but the person already has one. Can I return it for store credit or original payment?

Sincerely,
David Wilson",Return
I received a duplicate order by mistake. I want to return the extra one. - James Taylor,Return
I've been waiting for my order for over three weeks and nobody can give me a straight answer on where it is. - James Taylor,Complaint
"Hello,

I bought this as a gift but the person already has one. Can I return it for store credit or original payment?

Best regards,
Sarah Martinez",Return
"Dear Support, I'd like to exchange the blue sneakers for the exact same pair in black if possible. Best regards, James Taylor",Exchange
Can I update the shipping address for my order #34420 before it leaves your warehouse? - James Taylor,Other
"Dear Support, The phone case I received is for the wrong model. I need to exchange it for the iPhone 15 Pro version. Best regards, John Doe",Exchange
"Hey, Is it possible to get a tax invoice for my recent purchase? I need it for company expenses. Sincerely, Emily Davis",Other
"Hey, I see an unauthorized charge from your company on my bank statement. Please refund it immediately. Thanks, Jane Smith",Refund
The phone case I received is for the wrong model. I need to exchange it for the iPhone 15 Pro version. - Jane Smith,Exchange
"Dear Support,

The color of the couch is much darker than it looked online. I need to return it.

Regards,
Linda Anderson",Return
I want to return the jacket I bought last week. It just doesn't fit right. - Sarah Martinez,Return
"To Whom It May Concern,

The color of the couch is much darker than it looked online. I need to return it.

Regards,
Jane Smith",Return
I received the shirt but it's a bit too tight. Can I exchange it for a size Medium? - Robert Thomas,Exchange
"Hello team,

Your app keeps freezing every time I try to update my profile information.

Sincerely,
Sarah Martinez",Complaint
"To Whom It May Concern,

I accidentally bought the wrong subscription plan. Can you please refund the difference or cancel and refund completely?

Regards,
Barbara Jackson",Refund
The dress arrived with a noticeable tear along the seam. I am returning it. - Jane Smith,Return
"Hello team, I accidentally bought the wrong subscription plan. Can you please refund the difference or cancel and refund completely? Regards, Jane Smith",Refund
I am looking for the user manual for model #92050. Can you email me a PDF copy? - Barbara Jackson,Other
"Hello team, Your service has been down for three days this week. I expect a partial refund for this month's billing cycle. Thank you, Linda Anderson",Refund
"To Whom It May Concern, I was charged twice for my subscription this month. Please check transaction ID #86569. Thanks, John Doe",Refund
"To Whom It May Concern, My order #97410 never arrived, and tracking says it was lost by the courier. I want my money back. Thanks, Robert Thomas",Refund
I need to exchange this sweater for a larger size. What is the process? - Barbara Jackson,Exchange
"Dear Support, I am extremely frustrated with how long it takes to get a response from your support team. Thanks, John Doe",Complaint
"Hey,

The delivery driver just threw the package onto my driveway in the rain. The contents are ruined.

Sincerely,
Robert Thomas",Complaint
"Hi there, Is it possible to exchange an online order at a local retail store? Best regards, Jane Smith",Exchange
"Hello team,

I was promised a discount code by an agent, but the code you sent doesn't work.

Looking forward to your reply,
Sarah Martinez",Complaint
I bought this as a gift but the person already has one. Can I return it for store credit or original payment? - James Taylor,Return
"Hi there, The phone case I received is for the wrong model. I need to exchange it for the iPhone 15 Pro version. Thank you, Linda Anderson",Exchange
"Hello, I need to know your return policy for items purchased during the holiday sale. Best, James Taylor",Return
"Hello team, I am looking for the user manual for model #80507. Can you email me a PDF copy? Thanks, James Taylor",Other
"To Whom It May Concern,

The phone case I received is for the wrong model. I need to exchange it for the iPhone 15 Pro version.

Looking forward to your reply,
David Wilson",Exchange
"Hi customer support,

Can I update the shipping address for my order #41552 before it leaves your warehouse?

Thank you,
Robert Thomas",Other
"Dear Support,

I accidentally bought the wrong subscription plan. Can you please refund the difference or cancel and refund completely?

Sincerely,
Emily Davis",Refund
"Hello,

I received the wrong variant of the coffee maker. I need to exchange it for the one I actually ordered.

Looking forward to your reply,
James Taylor",Exchange
"Hello team, I need to exchange this sweater for a larger size. What is the process? Looking forward to your reply, Michael Brown",Exchange
"Hello team, I received the wrong variant of the coffee maker. I need to exchange it for the one I actually ordered. Looking forward to your reply, Michael Brown",Exchange
"Hi customer support, Are your products safe for people with severe nut allergies? Best, Jane Smith",Other
Do you offer wholesale discounts for bulk orders of over 100 units? - James Taylor,Other
"Hi there, I'd like to exchange the blue sneakers for the exact same pair in black if possible. Best, Jane Smith",Exchange
"Hi customer support,

Your website kept crashing during checkout, and now I see multiple pending charges on my card.

Looking forward to your reply,
David Wilson",Complaint
"Hello team, Can I exchange order #87182 for a completely different item of the same value? Best regards, Sarah Martinez",Exchange
I've been waiting for my order for over three weeks and nobody can give me a straight answer on where it is. - Robert Thomas,Complaint
I am extremely frustrated with how long it takes to get a response from your support team. - Barbara Jackson,Complaint
"Hello,

Your website kept crashing during checkout, and now I see multiple pending charges on my card.

Thank you,
Michael Brown",Complaint
"Hi there, Your customer service representative was extremely rude to me on the phone today. Best, Sarah Martinez",Complaint
"Hey, Can I update the shipping address for my order #51555 before it leaves your warehouse? Thanks, Emily Davis",Other
"Hello, I want to return the jacket I bought last week. It just doesn't fit right. Regards, Michael Brown",Return
"Hi there, I received the shirt but it's a bit too tight. Can I exchange it for a size Medium? Best regards, Michael Brown",Exchange
"Hi there, The phone case I received is for the wrong model. I need to exchange it for the iPhone 15 Pro version. Sincerely, James Taylor",Exchange
"Hello team,

The color of the couch is much darker than it looked online. I need to return it.

Sincerely,
James Taylor",Return
"To Whom It May Concern, The product did not match the description on your website at all. I want a refund. Regards, Robert Thomas",Refund
"Hello,

I am not satisfied with the quality of this software. I'm within the 30-day window, so please process my refund.

Regards,
Michael Brown",Refund
"Hi there,

The quality of your products has gone downhill significantly. This is unacceptable.

Thanks,
Robert Thomas",Complaint
The product did not match the description on your website at all. I want a refund. - Barbara Jackson,Refund
"To Whom It May Concern,

The color of the couch is much darker than it looked online. I need to return it.

Regards,
James Taylor",Return
"Hi there, Your app keeps freezing every time I try to update my profile information. Thanks, Emily Davis",Complaint
"Hey,

The product did not match the description on your website at all. I want a refund.

Best regards,
Jane Smith",Refund
"Hello team,

Do you offer wholesale discounts for bulk orders of over 100 units?

Sincerely,
Jane Smith",Other
I see an unauthorized charge from your company on my bank statement. Please refund it immediately. - John Doe,Refund
Your app keeps freezing every time I try to update my profile information. - David Wilson,Complaint
I see an unauthorized charge from your company on my bank statement. Please refund it immediately. - Linda Anderson,Refund
"Hi there,

I was promised a discount code by an agent, but the code you sent doesn't work.

Sincerely,
Jane Smith",Complaint
"Hey, Is it possible to get a tax invoice for my recent purchase? I need it for company expenses. Regards, John Doe",Other
"Hello,

I am not satisfied with the quality of this software. I'm within the 30-day window, so please process my refund.

Sincerely,
Barbara Jackson",Refund
"I am not satisfied with the quality of this software. I'm within the 30-day window, so please process my refund. - Jane Smith",Refund
Is it possible to exchange an online order at a local retail store? - James Taylor,Exchange
"Hello, I was charged twice for my subscription this month. Please check transaction ID #24662. Thanks, Linda Anderson",Refund
"Hello, I am looking for the user manual for model #76088. Can you email me a PDF copy? Best, Linda Anderson",Other
I want to exchange this blender for the upgraded model and I'll pay the difference. - Linda Anderson,Exchange
"Dear Support, I was charged twice for my subscription this month. Please check transaction ID #49829. Thank you, Robert Thomas",Refund
I am looking for the user manual for model #11846. Can you email me a PDF copy? - David Wilson,Other
I need to exchange this sweater for a larger size. What is the process? - Jane Smith,Exchange
"To Whom It May Concern, Can you please help me change the email address associated with my account? Looking forward to your reply, David Wilson",Other
"My order #31178 never arrived, and tracking says it was lost by the courier. I want my money back. - Michael Brown",Refund
"Hello,

I'm trying to find out when the out-of-stock winter jackets will be replenished.

Thank you,
Robert Thomas",Other
"Hey,

I received order #69614 today, but the shoes are too small. How do I start a return?

Looking forward to your reply,
Robert Thomas",Return
I just wanted to say thank you for the amazing service! My daughter loved her gift. - James Taylor,Other
"Hey, Your app keeps freezing every time I try to update my profile information. Sincerely, Emily Davis",Complaint
I accidentally bought the wrong subscription plan. Can you please refund the difference or cancel and refund completely? - Sarah Martinez,Refund
Is it possible to exchange an online order at a local retail store? - Sarah Martinez,Exchange
I received the shirt but it's a bit too tight. Can I exchange it for a size Medium? - Barbara Jackson,Exchange
"The packaging was completely torn open when it arrived, and some components are missing. - Robert Thomas",Complaint
"Hi customer support,

I've been waiting for my order for over three weeks and nobody can give me a straight answer on where it is.

Regards,
Robert Thomas",Complaint
"Hello,

Your website kept crashing during checkout, and now I see multiple pending charges on my card.

Thanks,
Linda Anderson",Complaint
"Hey, I received the wrong variant of the coffee maker. I need to exchange it for the one I actually ordered. Thanks, Robert Thomas",Exchange
I am looking for the user manual for model #78712. Can you email me a PDF copy? - Linda Anderson,Other
Your app keeps freezing every time I try to update my profile information. - John Doe,Complaint
I want to return the jacket I bought last week. It just doesn't fit right. - Emily Davis,Return
The dress arrived with a noticeable tear along the seam. I am returning it. - Linda Anderson,Return
"Hello team, Your customer service representative was extremely rude to me on the phone today. Best regards, Emily Davis",Complaint
"Hello,

Your customer service representative was extremely rude to me on the phone today.

Best regards,
Jane Smith",Complaint
"Hi there, I received the shirt but it's a bit too tight. Can I exchange it for a size Medium? Best, John Doe",Exchange
"Dear Support, Is it possible to exchange an online order at a local retail store? Best, Barbara Jackson",Exchange
"Hey,

I received order #42411 today, but the shoes are too small. How do I start a return?

Regards,
John Doe",Return
"Hi there, Do you ship internationally to Australia, and if so, what are the shipping rates? Best, James Taylor",Other
"To Whom It May Concern,

The phone case I received is for the wrong model. I need to exchange it for the iPhone 15 Pro version.

Thanks,
Emily Davis",Exchange
"Hey, I ordered a large but you sent me a small. I need to return this item. Sincerely, Linda Anderson",Return
"Dear Support, I received order #60968 today, but the shoes are too small. How do I start a return? Thank you, Linda Anderson",Return
"Hello team,

I bought this as a gift but the person already has one. Can I return it for store credit or original payment?

Thanks,
Barbara Jackson",Return
"Hi customer support, Can I return an item at one of your physical store locations instead of mailing it back? Sincerely, Linda Anderson",Return
I accidentally bought the wrong subscription plan. Can you please refund the difference or cancel and refund completely? - Michael Brown,Refund
The dress arrived with a noticeable tear along the seam. I am returning it. - Emily Davis,Return
"To Whom It May Concern, I'd like to exchange the blue sneakers for the exact same pair in black if possible. Best, Michael Brown",Exchange
"Hi customer support, Your app keeps freezing every time I try to update my profile information. Regards, Michael Brown",Complaint
I received the wrong variant of the coffee maker. I need to exchange it for the one I actually ordered. - Barbara Jackson,Exchange
"Dear Support, I received the wrong variant of the coffee maker. I need to exchange it for the one I actually ordered. Looking forward to your reply, David Wilson",Exchange
"Hi customer support,

I want to exchange this blender for the upgraded model and I'll pay the difference.

Best regards,
Linda Anderson",Exchange
"Hello team,

I would like to delete my account and have all my personal data removed under GDPR.

Looking forward to your reply,
Sarah Martinez",Other
"Hey, I see an unauthorized charge from your company on my bank statement. Please refund it immediately. Best regards, Linda Anderson",Refund
"Hello,

The product did not match the description on your website at all. I want a refund.

Best,
Michael Brown",Refund
"Hi customer support, I've been waiting for my order for over three weeks and nobody can give me a straight answer on where it is. Sincerely, Sarah Martinez",Complaint
I received a duplicate order by mistake. I want to return the extra one. - James Taylor,Return
"To Whom It May Concern,

I am looking for the user manual for model #64773. Can you email me a PDF copy?

Regards,
John Doe",Other
I received the wrong variant of the coffee maker. I need to exchange it for the one I actually ordered. - Michael Brown,Exchange
"Hey, The event was cancelled, and I haven't received my ticket refund yet. Order reference is #18326. Regards, James Taylor",Refund
Can I exchange order #70443 for a completely different item of the same value? - Michael Brown,Exchange
"Dear Support, I want to return the jacket I bought last week. It just doesn't fit right. Best regards, Emily Davis",Return
"To Whom It May Concern,

The dress arrived with a noticeable tear along the seam. I am returning it.

Thanks,
James Taylor",Return
"Hello team, The dress arrived with a noticeable tear along the seam. I am returning it. Looking forward to your reply, Jane Smith",Return
"Hey,

Is it possible to get a tax invoice for my recent purchase? I need it for company expenses.

Best regards,
Emily Davis",Other
"Hello,

Can I return an item at one of your physical store locations instead of mailing it back?

Best,
John Doe",Return
"Hello team, I would like to delete my account and have all my personal data removed under GDPR. Thanks, Robert Thomas",Other
"Hey, Your website kept crashing during checkout, and now I see multiple pending charges on my card. Best, David Wilson",Complaint
"Dear Support,

I need to exchange this sweater for a larger size. What is the process?

Best regards,
James Taylor",Exchange
"Hello,

The delivery driver just threw the package onto my driveway in the rain. The contents are ruined.

Best regards,
David Wilson",Complaint
Can you please help me change the email address associated with my account? - John Doe,Other
"Hi customer support, I was charged twice for my subscription this month. Please check transaction ID #61173. Sincerely, James Taylor",Refund
"To Whom It May Concern,

The item arrived damaged, so I would like to exchange it for a new one.

Thanks,
Emily Davis",Exchange
"Hi customer support,

The headphones I ordered are defective (left side has no sound). I want to exchange them for a working pair.

Thanks,
Barbara Jackson",Exchange
"Hi customer support, I am looking for the user manual for model #28430. Can you email me a PDF copy? Thank you, Jane Smith",Other
"To Whom It May Concern,

The headphones I ordered are defective (left side has no sound). I want to exchange them for a working pair.

Regards,
Sarah Martinez",Exchange
I bought this as a gift but the person already has one. Can I return it for store credit or original payment? - John Doe,Return
"Hello, Can I return an item at one of your physical store locations instead of mailing it back? Looking forward to your reply, Jane Smith",Return
"Hi there, The color of the couch is much darker than it looked online. I need to return it. Thank you, Sarah Martinez",Return
Can I return an item at one of your physical store locations instead of mailing it back? - Sarah Martinez,Return
"Hello team,

I am extremely frustrated with how long it takes to get a response from your support team.

Thank you,
Jane Smith",Complaint
